participant_id,task,completed,time_seconds,errors,quote,severity
P01,T1 - Log Health Entry,,,,,
P01,T2 - View Trend Summary,,,,,
P01,T3 - Update Profile,,,,,
P02,T1 - Log Health Entry,,,,,
P02,T2 - View Trend Summary,,,,,
P02,T3 - Update Profile,,,,,
P03,T1 - Log Health Entry,,,,,
P03,T2 - View Trend Summary,,,,,
P03,T3 - Update Profile,,,,,
P04,T1 - Log Health Entry,,,,,
P04,T2 - View Trend Summary,,,,,
P04,T3 - Update Profile,,,,,
P05,T1 - Log Health Entry,,,,,
P05,T2 - View Trend Summary,,,,,
P05,T3 - Update Profile,,,,,
P06,T1 - Log Health Entry,,,,,
P06,T2 - View Trend Summary,,,,,
P06,T3 - Update Profile,,,,,
P07,T1 - Log Health Entry,,,,,
P07,T2 - View Trend Summary,,,,,
P07,T3 - Update Profile,,,,,
P08,T1 - Log Health Entry,,,,,
P08,T2 - View Trend Summary,,,,,
P08,T3 - Update Profile,,,,,
